{
    "mae": 0.5582069210576789,
    "rmse": 0.8064005700738817,
    "r2": 0.8624267158848699,
    "feature_importance": {
        "MolWt": 0.10066199978757659,
        "MolLogP": 0.816212850096269,
        "TPSA": 0.04300671468781427,
        "NumHDonors": 0.006574402792402929,
        "NumHAcceptors": 0.01070771095931937,
        "NumRotatableBonds": 0.010951433793492426,
        "RingCount": 0.011884887883125635
    }
}